-- phpMyAdmin SQL Dump
-- version 4.6.4
-- https://www.phpmyadmin.net/
--
-- Host: 127.0.0.1
-- Generation Time: May 10, 2017 at 03:42 PM
-- Server version: 5.7.14
-- PHP Version: 5.6.25

SET SQL_MODE = "NO_AUTO_VALUE_ON_ZERO";
SET time_zone = "+00:00";


/*!40101 SET @OLD_CHARACTER_SET_CLIENT=@@CHARACTER_SET_CLIENT */;
/*!40101 SET @OLD_CHARACTER_SET_RESULTS=@@CHARACTER_SET_RESULTS */;
/*!40101 SET @OLD_COLLATION_CONNECTION=@@COLLATION_CONNECTION */;
/*!40101 SET NAMES utf8mb4 */;

--
-- Database: `furtales`
--

-- --------------------------------------------------------

--
-- Table structure for table `admin`
--

CREATE TABLE `admin` (
  `admin_id` smallint(5) NOT NULL,
  `last_name` varchar(15) NOT NULL,
  `first_name` varchar(15) NOT NULL,
  `admin_cn` varchar(13) NOT NULL
) ENGINE=InnoDB DEFAULT CHARSET=latin1;

--
-- Dumping data for table `admin`
--

INSERT INTO `admin` (`admin_id`, `last_name`, `first_name`, `admin_cn`) VALUES
(100, 'Gates', 'Bill', '09198454596'),
(101, 'Jobs', 'Steve', '09177892578');

-- --------------------------------------------------------

--
-- Table structure for table `chat`
--

CREATE TABLE `chat` (
  `message_id` smallint(5) NOT NULL,
  `sender` smallint(5) NOT NULL,
  `receiver` smallint(5) NOT NULL,
  `timestamp` timestamp(6) NOT NULL,
  `message` longtext NOT NULL
) ENGINE=MyISAM DEFAULT CHARSET=latin1;

-- --------------------------------------------------------

--
-- Table structure for table `client`
--

CREATE TABLE `client` (
  `client_id` smallint(5) NOT NULL,
  `last_name` varchar(25) NOT NULL,
  `first_name` varchar(25) NOT NULL,
  `client_address` varchar(100) NOT NULL,
  `client_cn` varchar(13) NOT NULL,
  `client_email` varchar(50) NOT NULL,
  `password` varchar(10) NOT NULL
) ENGINE=InnoDB DEFAULT CHARSET=latin1;

--
-- Dumping data for table `client`
--

INSERT INTO `client` (`client_id`, `last_name`, `first_name`, `client_address`, `client_cn`, `client_email`, `password`) VALUES
(3000, 'Mortel', 'Bobbie', '123 Fake Street', '09774835197', 'mortelbobbie@gmail.com', '1234'),
(3001, 'Ugaldo', 'Jovi', '456 Real Street', '09271523259', 'ugaldojovi@gmail.com', '1234');

-- --------------------------------------------------------

--
-- Table structure for table `service`
--

CREATE TABLE `service` (
  `service_id` smallint(5) NOT NULL,
  `service_name` varchar(20) NOT NULL,
  `price` double NOT NULL,
  `service_description` text NOT NULL
) ENGINE=InnoDB DEFAULT CHARSET=latin1;

--
-- Dumping data for table `service`
--

INSERT INTO `service` (`service_id`, `service_name`, `price`, `service_description`) VALUES
(4000, 'Bath and Tidy', 500, 'Full body bath'),
(4001, 'Full Style and Groom', 600, 'Full style and groom'),
(4002, 'Pamper Me', 650, 'Full groom with 5 minute therapeutic massage');

-- --------------------------------------------------------

--
-- Table structure for table `service_provider`
--

CREATE TABLE `service_provider` (
  `staff_id` smallint(5) NOT NULL,
  `last_name` varchar(15) NOT NULL,
  `first_name` varchar(15) NOT NULL,
  `service_id` smallint(5) NOT NULL,
  `sp_email` varchar(50) NOT NULL,
  `sp_cn` varchar(13) NOT NULL,
  `sp_pw` varchar(10) NOT NULL
) ENGINE=InnoDB DEFAULT CHARSET=latin1;

--
-- Dumping data for table `service_provider`
--

INSERT INTO `service_provider` (`staff_id`, `last_name`, `first_name`, `service_id`, `sp_email`, `sp_cn`, `sp_pw`) VALUES
(2000, 'Liwanag', 'John Derick', 4000, 'liwanag.john1234@gmail.com', '09269543937', '1234'),
(2001, 'Mendez', 'Camila', 4001, 'mendezcamila@gmail.com', '09152044933', '1234');

-- --------------------------------------------------------

--
-- Table structure for table `sp_details`
--

CREATE TABLE `sp_details` (
  `sp_email` varchar(50) NOT NULL,
  `image` blob NOT NULL,
  `description` text NOT NULL,
  `work_exp` text NOT NULL,
  `fav_pet` text NOT NULL
) ENGINE=InnoDB DEFAULT CHARSET=latin1;

--
-- Dumping data for table `sp_details`
--

INSERT INTO `sp_details` (`sp_email`, `image`, `description`, `work_exp`, `fav_pet`) VALUES
('liwanag.john1234@gmail.com', 0x89504e470d0a1a0a0000000d49484452000001f4000001f4080200000044b448dd0000001974455874536f6674776172650041646f626520496d616765526561647971c9653c0000032069545874584d4c3a636f6d2e61646f62652e786d7000000000003c3f787061636b657420626567696e3d22efbbbf222069643d2257354d304d7043656869487a7265537a4e54637a6b633964223f3e203c783a786d706d65746120786d6c6e733a783d2261646f62653a6e733a6d6574612f2220783a786d70746b3d2241646f626520584d5020436f726520352e302d633036302036312e3133343737372c20323031302f30322f31322d31373a33323a30302020202020202020223e203c7264663a52444620786d6c6e733a7264663d22687474703a2f2f7777772e77332e6f72672f313939392f30322f32322d7264662d73796e7461782d6e7323223e203c7264663a4465736372697074696f6e207264663a61626f75743d222220786d6c6e733a786d703d22687474703a2f2f6e732e61646f62652e636f6d2f7861702f312e302f2220786d6c6e733a786d704d4d3d22687474703a2f2f6e732e61646f62652e636f6d2f7861702f312e302f6d6d2f2220786d6c6e733a73745265663d22687474703a2f2f6e732e61646f62652e636f6d2f7861702f312e302f73547970652f5265736f75726365526566232220786d703a43726561746f72546f6f6c3d2241646f62652050686f746f73686f70204353352057696e646f77732220786d704d4d3a496e7374616e636549443d22786d702e6969643a33384446353833433939353131314530424333324243393045363137443143352220786d704d4d3a446f63756d656e7449443d22786d702e6469643a3338444635383344393935313131453042433332424339304536313744314335223e203c786d704d4d3a4465726976656446726f6d2073745265663a696e7374616e636549443d22786d702e6969643a3338444635383341393935313131453042433332424339304536313744314335222073745265663a646f63756d656e7449443d22786d702e6469643a3338444635383342393935313131453042433332424339304536313744314335222f3e203c2f7264663a4465736372697074696f6e3e203c2f7264663a5244463e203c2f783a786d706d6574613e203c3f787061636b657420656e643d2272223f3e73e71d4200002b5f4944415478daecdd89575b679ae771240442089040ecbbf18617bcef49c54e9c4aa552a924b54fbaa74f4fcfa93faba77b6aaaa7d2d5492a7bc559ecd88ef7052f60ccbe082109b4a2052d48621e9b2a87c11863cca27beff7737438d886387e9ef7fdf1ea2eefd5cdcccce40000d4454f09008070070010ee0000c21d0040b8030008770020dc0100843b008070070010ee0000c21d0008770000e10e0020dc0100843b008070070010ee0040b8030008770000e10e0020dc0100843b0010ee0000c21d0040b8030008770000e10e0020dc018070070010ee0000c21d0040b8030008770020dc0100843b008070070010ee0000c21d0040b80300e10e0020dc0100843b008070070010ee0040b8030008770000e10e0020dc0100843b00e071064a00c59999c949a533d3e94c2a3d13894dbb83716f28ee0f2783d1e46434198e4d47e2a9683c159f4e27a6d3f235e9cc8c7c57ae5e67c8d519f3720bf272cd0586a20243b129cf62ceb79af3cb8af3cb4b0aaaad0545a63cf99abc5cbd41be5a47a5a160ba999919aa80ec27191d8d4f471369772036321171fa632eff947c3e1e8ccf66f7f3933cafb21654979a6aca0a6bcb4c4d9545f2b9d9283f091e243e2d00e10eac986024e90b27ec9e68ef58c8ee8d3abc539ec9f89afded159682faf2c2c672f396ba92c60ab3add8682dcaa72920dc816572f9630edf54c77060c015964fd632d0170b7a5be1c69ae2b6e652f9a4a6cc449b40b8034b32118cf73a43778602dd8e497720168da7b2f07fd25c60a82e35b5d65b766f28dd525b52692da07120dc8105c493e97bf6e0ed41fff53e9f2f9cc8ce4c5f30e56dc5c6839b6d7b5aca76345a0bf27369250877e081f160fc6a8fe752b767d01d8ec4520afd5714990c2dd5c5c75a2b0e6fada862210fc21d9a954acf0cb8c317bb262e777bc68331f9a50afe51865c5d95d574b4b5e285ed951bab8bb9c006843b34249e4cf78e85ce758e5febf3fa420955fe1b6d25c6439bcb8fefacda5257c2b11a10ee50b9c474badb113a73c775adcf37194daafedf6b31e71fda6c7b65774d6b7d89318f8807e10ed5913126b17efa8eebd27d4f5003b13e97d59c7f6c5bc5c98711afe39e5710ee508d514ff46cc7f899bbaef1605cb345a8b216bcb2abe6445b554385992101c21dca169a9abedcedf9cb65bbc31b6594c9aabdbedcfccba38d475b2b4a0af3181e20dca1481dc3818fae8cde1ef4c79369aaf148417eee9e96b25f1c69686b2ea51a20dca124c148f254bbf3cb9b63d9b0674076aab014fc747fddebfb6ad9a906843b14209399e91a9dfcf3f7c3ed033e86d553269e2e67df46dbef7ed4bcbdc1a2d773a215843bb255349efafa96f3f3eb0e973f463596a8a6ccf4e6c1fad7f6d69a0b78b2020877641f7720f6c7ef062fde9f484e67a8c633c9cfd3bfb0adf29f5e6ea92e659b4910eec82637fb7d7f3a37747f7492522cdbb606cb3f1cdfb07f938d528070c7fa4ba533a76e3aff72d92e2b77aaf19c64e5fecba38dafefaf35e4f2646310ee583fb164fabd73435fdc70c4125cecb8324cc6dc9f1da87ff7f806133bd28070c7baf04cc6ff7066e05cc7f84a3dbf14b372f5bae36d55fffccac60a0b5b078370c7da1a9988fce1cce0956e0fa55825475a2bfef99596a6ca224a01c21d6ba4db31f9c73383b706fd946255ed6d29fba7575a5aeb2d9402843b565dc770e07f9f1ee0c298b5b1adc1f23f4e6e64a30210ee585d778702fff66d7fef588852ac992d7525fff3d54dbb3690ef78665c748525e91c09feeb377d24fb1a93824bd9a5f89402843b565eb763f27f7dddd7ef0c538ab5276597e24b0b28050877aca44177e4dfbee9ef61cdbe7ea4f8d2026904a500e18e95e10ec4fe70ba9fc302eb4e5a208de04e6010ee5801d178eaff9c19b8dee7a314d9401a21ed90a6500a10ee58bee474e68fdf0d9eed18a714d943da214d61eb4d10ee58a6547ae6d36ba3a7dac72845b691a6486ba4419402843b9ed9b55eef275746592166e73b2a698d3488528070c7b319f544df3b3fe40b2728457692d64883a44d9402843b962a3435fdefa707065c5cd29ed5a441d2266916a500e18e25bce54f653ebfeeb8dac3768f0a206d926649cb280508773cc5dda1c0a99b63ec36a408d2266996b48c528070c7623c93f13f7f3fec0d71a85d31a459d232691ca500e18e85a5d2998faf8cdeb37327aac248cba471d23e4a01c21d0b681ff07fd7e1a60e4a248d93f6510710ee98cf174afce5923d1849520a2592c649fb7c1c4f03e18e79cedc7577b035989249fba489d401843b7ed03b16faf4da280fe45234699f349147a98070c7dfa4d299af6f397947af02d2446925675641b8e381f601ff85ae09eaa00ed24aceac827047ce5422f5cd2d17b7b0ab86b4521a2a6da51420dc35ed469faf7d900771a8ebadd8a0ef060f5701e1ae65d178eadb3bae58224d29d4441a2a6de5694d20dc35bc6ceff7750c73f9a30a495ba5b9d40184bb4697ede73adc896996ed2a246d95e6b27807e1ae459d23c13bc3ec26a85ad2dc4eee4a23dc2981d6c493e9efbbc639daae62d25c69b1349a5210eed090516ff4ce20cb76b52fde0703d268ea40b843432e744df07c54d59316737b1ae10e6dcdf96bbd5eeaa005d2687e8a13eed08af67effc804efd635411a2deda60e843b34812ba069370877a84dbf2b7c8bfd06b444da2d4da70e843b54eef6a09f7b5b3445da2d4da70e843bd42c9d99b93314e0991c9a22ed96a64beb2905e10ed5ea778679528f0649d3a5f5d48170876af58c4dc6b865517ba4e9d27aea40b8439d668fc9f00c360d92a673648670876ab9fcb10137efcd354a5a2f03803a10ee50a1e1894824c675321a25ad9701401d0877a850bf2b1c4b12ee1a25ade76a77c21d6a9cdb8974df58888b20354b5a2f03804d9e0977a8cd7830e60db18194a6c9009061401d0877a86d62b33ba0c6c900e0073ce10eb519f546a7121c70d73419003cbb837087aaa4d2335c04899c871744ca60a00e843b5422129bf68793d401320c64305007c21d2a313935ede3602b72726418c860a00e843b54222c2bf708e18e1c19066156ee843bd4b3728f26d9c31d390ff77697c1401d0877a8c4987f8a2280c140b8437d2b77de8983c140b8437582bc1307838170871a176bcc6730180877a84e989d7ec16020dca13ed1388759c16020dca1bef9cc46af603010ee501f9ed1010603e10e154a4ef3506c301808770000e10e0020dc0100843b008070070010ee0040b803000877645183f53a8a000603e10eb529c8cba508603010ee509b4223f3190c06c21daa632ec8a308603010ee509b6293812280c140b8436d4a0a59ac81c140b84385f3399f2280c140b843556672722c2cd6f0775633838170872ae872722aad05d401b32a2c0c06c21d6a516d35e572eb0a72726418c860a00e843b946de6ef9f149bf2ac451c69458e0c03190cd48170874ad2bdc864b0151ba907ca8b8d455c0a49b843e9747f3f126329cc2f2f21dc91632b315ab85a8670878297ec333f7c1426636e25a7d1909323c3c0c4f603843b94be66d7cd3987baa5ae84ed00b53ecff53a1906d48170877a56eef24979494129e754b54d06800c03ea40b843d92b7709f4472b77f9a4bad444b813ee320ca803e10e652fdbe7292bca6f2c37531c2d930150c60f78c21daa59b6ffadc77a5d6bbdc5904baf354a5a2f0380f32e843b14b8609fb366d72d34859bab8ad81150b3a4f53200a803e10e052ed89f90e9397f0ffda64ab3d5ccbb728d92d6cb00a00e843b14bc6c9f7bcc7df6f3d9d02f36e5ed6929e56db9167ff0eb72f6b694b2f100e10e45a6fbdc6b6366637dee91f7d994df5a67c9e7f9c8da936fc8dd5267a10e843b14b9347b14e88f7e676eb2cf9e65ddde68611f020d92a6ef6824dc0977286ed5fe58a0cfbb89e9d10dabb662e39e96321d876634f6835f9a5ec6ce71843b5410f48fc7f7a3a0dfd55cfaf0e42b3414ef0f9b0ec21d0a5c9a3d4af0b9b13eeff3d97cdfdb52d652cd25711ab2b1ba489a4e1d0877283ee5e7dda13aefe04c91c97060938d5a69c7fe4d36f67027dca13c8f6f3630ef0a99c7135f667ba191d9ae09d2e8fdfc2c27dca1d0645f7033999c9c271ea2d95a57b2a78583b09a208ddeca36bf843b9468ee258f4f5ad1cf4b7f43aefe686b852197d3aa2a272d7ed8682638e10e852fe1175cb63f7ee7aafcd1fe8db68dd5c5d44ddda4c5d268ae7c25dca1c865fbbc4f1e0ffa474bfbb95f6331e71ddb564901d54d5a2c8da60e843b14bc669f1be84f3d4af3f06b7447b696d7b3c3bb7a35949ba5c53ad6ed843b14bd787f6aa03fbacefd91faf2c263db2a28a05a1ddd56212da60e843bd4b6967f3cf11ffba5eea51d557536e6bf0a495ba5b92cdb41b8ab2ad69f3aa31fed2fd6546996c53b09a0be3773d256766f07e1ae8645fa826bf3c7bff251facf7e65ae5ef7caaeea7a1b29a02ad250696b2e4fd403e1aedc4c7ffc7ac72745ff930ecd3755161d6faba2a46a72a2ad4ada4a1d40b82bf27df7537f276709c76766bdbabb660b3731aa85b4f2e4ee1aea00c25dc1cbf647475a9eb453d893b62598a7d25af0dade5a0aab0ed24a69287500e1aeec65fbec1ebf8f5f15f378e22f98f58f7ee7955dd5475bb92c52f1a489d24aea00c25dd9ebf7459ec8f178e22ff8f58f7ea7203ff78d03753cac47d1a47dd2446925a500e1aec84c9fbb3c5ff04af605af737feaf1f7bd2d65afeea9e1ca68c5be9fd349fb782807087775aedc9798e30b0f02bdee8dfd753b9bacd45689a471d23e3d973f827057ec02ed6fc7d3173926f3e880fbe227541fffd34a6bc15b87eb798e87e248cba4719c4705e1aeec057bce131ea73737f71fbfaafd497b02cffbfd63ad156f1eaa6701a8a4d9abd749cb8e713e1c84bbd257ee0b6ef3fbf89f2e18e54ffd7d9d4ef7f383f5bb9b794e936248b3a4659c2c01e1ae92c5fb93d6e38b7fd752ae8fb495187ff7527369513ea5ce7ed2266996b48c52807057db427e2911ffe818fde35fbfe082afada9f41f4fb498b8a82ebb4983a44dd22c4a01c25da311bff8debf0b7efdc9ddd53fd957cbe653594b5a230d9236713c0684bbb2cdbbc27dde6fe62cf4388ee761cccb7deb70c381cd362a9f9da435d2206913a500e1ae86e5f9bccf9f6949be94eb23e77e6575a9e9dd97366ca8627fc1ac234d91d648832805087795acdc9fb459d822a93dfbc5f30ebb2ff107c996ba92dfbfb6996d09b28ab4439ac2469e20dc55b5729f17d08f9f1a7dfc88cdecf591cb3e32bb7763d9ef5fdb545298470bb2813442da214da11420dc55b87ecf79f2c33716b90a7ed98eefac7af7f806730177aeae3369813442da412940b8ab3ce21ffd72dec5ef8b6cf2beac370dba9feeaffbe5b1462e8e5c47527c69813482fb9540b8abd09336839c77ba75eeef2cb263c1d2d33fdfa07ffb70c3db471ad851765d48d9a5f8d2026904d500e1aeda7c5fe2d27e6eac2ff8bd0b9e987d52e2171a0dbf3cdaf4d621f27d1d925dca2ec5674f373c735cccace005d25805f3627a91fd7ee77ecba3d5fa0abe8f0f4d4d7f7cc5fec995d158324d5fd680e9e19afd9d238d9cd306e1ae95b89f97ddf3427cf697cb4ef645be311a4f7d7a75f4c34bf6a9448a46ac2a59aaffea58e35b871b389b0dc29dc45fc5af7f249e4c9f6a77be776e281c9ba6ecaba4d894f7eef10dafefabe5381808774da4f6ca1e665970bdbf14d3e999731dee7fffb63f1049d2a015575a94ff2faf6e3ad1566dc8e5da1810ee5a0afac553f8a907dc17f9f6673aa07fbdcff7af5ff78d7aa2f465053554987fffdae6836cec03c25de5692e1d7ac6705f4bf74727ffe3bbc15b837e3ab522f6b694fdf7975bb63558280508773c6585fef89faed4cf86d9ffce986feaa3cbf66f6fbb92a90cbd58b67c83fed53d35bf38da58672ba41a20dc35ba725f30a9d76639bfe0df128da7bebee5fccff3c39c625d9e6253de7f7ba9f9b5bdb55c1803c25da30bf36c3b2c33d7b55eeffb1746ba46830ca867987eba9ced0dd6dfbcd874684b39d500e1aedd94cf59e846d39c67d9296c658fc9cc33ea897e7edd71fa8e9babe097a2d06838b9bbfacd43f50de566aa01c29df5fb92fe68bd56f7c954e65ce7f82757ec83ee085d5b444b75d1db471a8fefac62c71810ee9accf487c7dce71d99c999b389d8b3aedcd7862ce13fbde638dbe18ec659c2cf672e309c68ab7e4b16ec152cd841b8e309ebf1e7bc687df5c493e9abbdde2f6f8edd1d0ad0b847766d28fde9febac35bcab9f514843b9699fbd990f593d1e45f6f8c9ded181ff56afd5ea78672f389b6aa370ed459ccf90c5710ee582ca3979ed7ebb88a97bf7a7822f255bbf342d7843f9cd060cbca8a8d2f6eaffcc9bedae6ca221eb601c21d4f4fe7ecbc26f209ffff339d23c16f6ebb6ef4f98251adec486335e71fd86cfbf19e9a9d4d561ea204c21d0a0ef1c5a53333778702673bdced837e5f48cdab785b89715f4bd989b6ea5d1b4a73f5c43a08773c2ddce73d394f89a19f4a67ba1da10b5d1337fb7d63be299535abce56b87f93edc5ed95adf525865c2e7304e18e955eb967f3edac229399199e88dce8f35dedf5f68c85e4978aee915eafdb5a5772784bf981cdb6e6ca223dab7510ee5862b22f7dcdaeac15bd67327e7f74f25a9fb7732438118c2bae4195d6829d4dd6439bcbb735582a2c058c5810ee58fecafd99e25b11591f4ba67da1c4f53e6fc770e09e7d32fbf7202b36e5ed68b4b435971edc5c6e2b319ab86e1d843b969def8b3c2b356b13fc597f0e255369a73f767bd0df659fec180944e3a974d61cb1c9d5ebcc0586b6a6d2ed8d963d2d65b565a67c432e57c18070c773c57ace42c76496fda83c45700762f7ecc13e67b8c731e90ac412d31989feb51cb0524c896f639ebea6d4b4b5deb2b9b67847a3b5bad4c4b004e18e7558ffaaef7f633a951999880e4f44ec9e689f33e40b276289f45422154ba657fcef32e8757906bd312fd75298d75455b4a1aa685bbd655b83258f1dbe40b8236b7f36acdee3b6579b3f9c90c5bbfbc12b6ef7445cfe98447c38362d4bf9d5feab25e86d25c64a4b4185453e9aaa4b0b64f12e6bf9b26223430b843b94ba8e5e979f01e9cc8c2cd547bdd1514fd4e19b7278a79cfea9f82aacd397ad203fb7b6acb0bebcb0de56d850616e283737559ab95f09843b5660e9fd3cffa92c3c0d3b118c0f8e4786dce1a1f1c8f04444025d593d92a06fae7c7018674375714b5551a595cb2241b8639d16ddeb1eeeee40accf19ee7386065ce17e5758354f612d36e56daa29de5853bcb9b664736d31e76041b863d5037dddf33d964c773b26e5d5e308f58c8526d5be8f98c59cbfb5ae646b7d496bbd455e5c110fc21d8bc5f1339d1acd8625bc3794e81c0976d9835da341cd3e84afa5ba687b83757ba3756793b5bc84f3b120dcb1dc2cce86032f1d23c1cee1807c94cfe9ddacea52535b93756773a97ce4a00d0877ac705eaf5ef40722c9db83fedb43febb43817105ee18b366aaac05bb3694eed950b6a7a5acb4888734817047566eff9bc9ccb40ff8db077cb706032313117ab4744d95457b5b4af76db4eddb58c6a69220dc35ba6ccfc2fb8f4626a237fb7df2ba35e8a74dcf636f4bd9fe4d367935559aa90608773cfd47c22afd97aff779aff57aaff7f93c931c7e5931159682839b6d87b6941fdc5ccede6420dc89ecb5138824aff478aef63c48767ab17a24df0f6f2d3fb2b58223f220dcb15a3f0f66bfddee895eeef65ce9f6f48c8528e9dad85a5772a4b5e2686b456305c76a40b86b3bace79e6e5da97c9734bf747fe2d27d8ffa9e7daa0875b6c263db2a8e6dab94aca71a20dc3594e62b12e50b7ecb3d7bf042d7c4c5ae096f284117d6577989f185ed952f6eafdcd168a51a20dcb14c0f62fddec4f97be38148926a648fd2a2fc977654bdb8838807e1ce32ff19bfb2672c74be735c62ddc76a3d5bd94a8c12f12fedace2400d0877cd05f732d83dd1731de3df75b8d9304011aa4b4d2fb7551f6fabe2742b0877b5a5fcbc7dc472729679a83d18499eb9eb96581f7085a9adb26cac2996887f6557b5958b2641b86b6751bf9495fe993beed3775db706b8c554c1f66e2c3bb9abe695ddd594827027dcd599e6cf94f5b707fda725d9efb828a63a9cdc5d737277f59e96324a41b8431359fff81fb9fcb16f6fbbbeb9ede41a4795292f31fe784fedab7b6a6acad8529870872a027de9e75a25d6bfbee5ec1c095240b5dad9647d6def8388a714843bd4b6365f50cf58e8ab76a7bc1800ea9fe43add4ff6d5ca8bcb2509772838e89f1aeed3a9cca976e7a99b6343e3ecb7ae211baa8a5edf5ff7fabeda3c839e6a10ee50fc427ede97dd1f0d7e79d3c98953cd3ab9bbe6a7fb6bb773532be10ed5486766fe7a634c5e3c2049e39a2a8bde385027af5c9ef744b843e9fa5de12fae3bbe6a77520accfac9beda9f1dacdf54534c29087728d5993beecfaf3bba1d93940273b5d65bde3c58cfed4e843b14461aeb0f273ebbeef8ecda682c91a620789cc998fbf3430d3f3f586f2b31520dc21dca707728f0c9d5d1cbdd1e4a81c51ddb56f1d6a1865d1b4a2905e18eec5aa1cf5e2a33f79a992f6f8e7d7ad5c1b9532c515365d1db87eb5fdf5f47290877644db84b17e7247b3092fcf8eae827574613d31c8ac13330e6e5be7da4e19dc30d6c2a49b823ebf48c8524d6cf76b8290596e7445bf53b471ab6702f2be18e6c59bfcfe45ceef67c74d97ecfce4631782e3b1aadbf38da786c5b05a5503403255087cfaf3bfe72c93e1ee4c149785eb23ef08513f2faf9a17aaac1ca1deb261a4f7d7869e4c34bf6e954866a60a5e419f4bf3ad6f8ab634de6029680843bd69cd337f5c125fba99b639402abe1f5fd75bf3ed6586b2ba414843bd64eb763f2838b2397ee73253b56d1b16d15bf7ea1a9b5de42290877ac851b7dbef72f8e740c072805565b5b73e96f5e683ab0d946291484a3698a74ae73fcfd0bc3836eee51c25a903544343e1d4da48eefaca21aacdcb15a4edd1cfbaf0b23ee0017c6604d55979a7efb621377b112ee58151f5f19fdf3f7c393d124a5c0dab398f37ff7a3e6778e34500ac21d2be9bfbe1f7eeffc30fb0a601d19f372df7da9f9b73f6aa614843b5640263323b1fedef921f9846a607de9f5ba775fda2011afe7594e843b9ec7742af3a773437ffe7e9852207bfcee47cdff707c038fdb26dcb14cc9e9ccff3d37f8fe85114a816cf39b179bfef1784b7e1ef99e956fb028419627fb7f9c25d991a56464caf894514a2908773c83e9d48335fb07174976642f199f324ad9d78870c752a533337f3a37c49a1d8a58bfcb584d73aa9f70c752bcc7195428878c5519b1d48170c712a6ca79921d8a5a8e9c1f663942b863311f5db6ffe7f961ae6282b2c88895712ba3975210ee58c05f6f8cc9f2877b50a144326e65f4ca18a614843bfe3f673bdcff75613834354d29a050327a650cf38876c21d3fb8d6ebfdf3f72313c138a580a2c91896912ce3995210eec8e9b207dfbf303232c1feec500319c9329e6554530ac25dd3463dd1f72f8edc63264045643ccba896b14d2908778d0a46931f5c1cb9dac37b58a88d8c6a19db419e3d40b86bd35f2ed9bfb9eda20e502519db32c2a903e1aec56467eb18a89b8c70f29d70d796efeeba3fbc44b243fd649ccb68a70e84bb26dc1d0e7c74d91e88703812ea27e35c46bb8c794a41b8ab9ccb1ffbf8b2bddf15a614d00819ed32e665e4530ac25db552e9998fafd8af70790c3446c6bc8c7c19ff94827057a74fae8e7e76cd411da04132f265fc5307c25d852e764d7c72852b07a0e1c5cd15bbcc02ea40b8abcaa03b2ccb166f284129a05932fe6516c85ca01484bb4ac4926919d39d23ec3100ad93592073416604a520dcd5e0f36b8e6f6e71272af080cc85cf39f344b8abc0956ecf67d7388f04fc406684cc0bea40b82bd8986feab3eb0e0eb50373c98c907921b3835210ee4af5f975c7ad013f7500e6917921b3833a10ee8af455bbf38beb3c52125898cc0e9923d481705798deb1d017371ca9748652000b92d9217344660aa520dc15239d99f9f2e658bf93eb7981c5c81c919922f3855210eecaf0e50dde6f024b223345e60b7520dc15a0db31298b11ea002c753174734c660d7520dcb39abcc13c75d339341ea114c012c97c9159c3c119c23ddbdf637e7d8b0332c0b39159c3914cc23d7b0dbac3a7da3920032c87cc1df61423dcb377d9ce1532c0f2c8dc61f14eb867a3739de35f714006789ee5d12da7cc23ea40b867116f28f1cd2d67729a5b9680e5931924f388bd9808f72cf2cd6d673b7bc800cf4de691cc26ea40b86785ce91e0b7b7d9ae1d5819329b78b20de19e154edf71b9fc31ea00ac08994d32a7a803e1becece76b859b6032bbe789799451d08f77533194d9ebee3e6ce3a6065c99c929925f38b5210eeebe3cc5df7cd7e1f7500569ccc2c995fd481705f07231311595c50076095c8fc9259461d08f7b5f6dddd71ee9606568fcc2f9965d481705f539d23c1ef38e103acf612aac3cd659184fb9a3adbe1f64cc6a903b0aa649671d90ce1be76aef57acf76f06e11589b85d4b8cc38ea40b8af85f39de35389147500d680ccb5f3ec2646b8af818b5d136c5c07ac25997132efa803e1be8a666666cedf1be7ae25602dc98c937927b38f5210eeabe5fcbd89efefb18200d69accbbf34c3dc27df5960f17185ec03a91d9c79b66c27d75c656d7c4c5fb843bb03e64f65de0c83be1be4ae14e1100e620e1aeba653b030b58dfc57b178b77c27d1546154500988984bbaa5cebf55ebcefa10ec0fa87fb7d0f37ac12ee2be6d27d4f2a9da10ec0ba939978899516e1be223a860397ba79270864cd62ab7b4266257520dc9fd7951e6f24c64e3240b690f928b3923a10eecf65642272b99bf78040769159c9439a08f7e75db6bb0331ea00641599952cde09f7e50b4693577a58b603d9b9f0f2c80ca50e84fb725cedf1f63842d401c8423237afb27827dc9787cb69016628e1ae3637fb7d0c1d20cbc35de6297520dc9fcd8d3e1ffb8b02d94c66a8cc53ea40b83f03a76fea7a1fcb7620dbc93c95d94a1d08f7258f987e9fd3cf159040d6afc3fcb1eb1c9921dc978ef77a00b39570579b9bfd3eced2004c58c25d6dda07fc140160ce12eeaae20b25da07580500ca0a779fcc5cea40b83f6509303211a50e8082c89c65f14eb83fc5ad4196ed0033977057974177e4d6200f01009418ee0199bfd481705fd89d21ff24fbcc010a243357e62f7520dc17767b90c101307f097775b93f3a79678863328072df790764165307c27dbebbc381642a431d008592f97b97076713ee0b843bcb7680594cb8ab4c973dc8cf7c4005efbf652e5307c2fd071d2341766f07944e66b1cc65ea40b8ffa09301013097097795e973863a46382603a8e35d78406634e18e07eed92793d35c2703a881cc6599d1843b66c39df77100339a705717a73fc650005416ee1a7f4c26e1fec0fdd16030c27e32807ac88c96794db813eedcaf0c30af097775494ca709774095e12eb39b70d7ae6e4768689c3da001b591792db39b70d7ae1e07cb7680d94db8ab6fe53e16a20800b39b705715cf64bc977007544a66b7cc71c25d93bd7786fce1047300502599ddbd5add8740ebe1de3716660200cc71c25d758d77724c06608e13eeeae20ec47a097740d5648ecb4c27dcb5a5df158ec6538c7e40c5648ecb4c27dcb565c0c5017780994eb8abafe56ec21d60a613eeea128c2407ddec3a00a89fcc740d6efbaadd701f1a8f70853ba00532d335b87f94a6c39d410f30df09779a0d80f94eb867bde109c21d60be13eeeae2f04e8d10ee8066c87c97594fb86ba0d39e482a3dc388073442e6bbcc7ac25dfdec9e28c31d60d613ee6a334ab803cc7ac25d8d3fc3a718eb00b39e7057958960dce165e50e688bcc7a99fb84bbaa7bec9b4aa6328c75405364d6cbdc27dcd56cccc731192087b94fb8d36000cc7dc29d060360ee13ee6bcfe527dc811ce63ee1ae2aee40cca5c9072a0290b9af9de7a9ea35d8dd19f61d003449e6be8b7057ab7196ed80868d13ee6ae5d6d25d0c00349b009a0bf789202b7740bbb49300da3b2cc3ca1dd0b07156eeaa343333e39924dc01ed920498d1c635157a8df535e10d2518df80664902480e10eeeaeb2bcb76807cd7440e682bdc7d6196ed80d6692407b416ee494636a0f970d7440e682bdcfdacdc01cdf3b372a7a900c801c25d0102110ecb005aa7911cd0d8ca9d700758b913eeea331925dc01add3480ee835d5d120e10e68de6bfb6ab5708faa413b1d0dc7520c6b40cbcc0586dfbcd8f4db179bb5f08f3568aaaf55d602360e03b449a6ff6f5e6c7ee3409d46febd1a3a2c535a94ff2faf6eda5853cc2807b44626be4c7fed24bbd0cd68eca173b706fc1f5c1a918f0c774023f66e2cfbf5b126f9a8a97fb5e6c25d0cbac31f5cb49fed7033e801d53bd156fdeb171a5baa35f7965d8be12e7ca1c48797463ebe32cad00754ec9d230dbf3ad6642b316af0dfaed1701799cccc8797ec12f1a1a969e600a03225857912ebbf3ad6a8d7ebb45901ed86fbacd3775c1f5db60fba234c0640355aaa8b7e71b4f1e4ee1a2d1741ebe12e6e0ffa25dfaff7f99812800a1cdc6c9364dfd352a6f13a18180a3208ca4b0a2a2cf6bfde18a31a80a2bd71a0ee9d238df5e585948295fbdf24a7331f5fb17f7c65942d0a0025b29af3df39d220c99e9fa7a71a84fb7c673bc63fb96aef71842805a0205beb4bde3edc78a2ad8a5210ee4fd4ed98fcf4eaa8a43ca500144132fdadc30dadf5164a3117c7dce7932152536aaa292b94888fc6d96b0cc85ee60283c4fa5b87ea2de67caac1ca7da9cedc717f766db4678c43344036da5a57f2f3430dafecaea61484fb339364977c9794a7144056914c9764977ca71484fb324d25529f5f737c7edde10df1706d60fd959718df3c58ffe6a1fa4223479509f7e776a5c7fbc575c7cd7e6e7402d6d3fe4db69f1dac3fb2b59c5210ee2bc61d8849be7f71632c9e4c530d608d15e4e7feec409d247b75a9896a10ee2befcc1df717371cf747272905b066b635587e76a09e73a784fbea1a1a8f7c7963ecaf37c732194a07ac2ebd5ef7c6feba9f1ea8db5055443508f7b5f055bbf3d4cd312e940456cfd6ba92d7f7d7fd645f2da520dcd7d4a03b72aa7decd44d672a9da11ac00a32e4ea5fdf5ffbfabeba966a16ec84fb3a397dc725abf8ce9120a50056c4ce26abacd635be1b3be19e151cdea9af6f3925e2c3311eea042c5fb1294f62fdb5bdb5ecd94bb867914bf73d12f1d77abd94025886435bca25d68f6daba014847bd60946925fdf767e7bdb256b79aa012c91acd35fdd53f3da9e5a6b11fb7f11ee59ecfee8e437b75ddfde76a6d2d416588c2157f7ea9eda1fefa9d9d6c086bd84bb429ced70cb12be7dc04f298005eddb58260bf6136ddc9a44b82b4d2092947c3f7dc765f744a906f0486385f9e4ee1a49f6528ec310eecad5ef0c9fbeeb3a73c7cdb53440b129ef95ddd52777d56caa2da61a84bb1a5ceff37d77d7c5d3fba06527daaa5ede557370b38d5210eeaa22a5feeeeef8771d6eb60e86d6ecdf647bb9adfae55d553a9d8e6a10eeea149a9a967c3fd731deed606b49a85f6bbde5b82cd8dbaa4b0af3a806e1ae7eee40ec5ce7b8bc86c7235403aad45c55747c6795bcd8819d70d79c9189e8f97be3e73bc7c77cdcf404f5a8b315beb4b3eaa51d554d9566aa41b86bd7802bfcfdbd09497959ce530d289a2cd225d37fb4a372630d17c310ee78a8df19febe6bfc42d784cb4fc443796aca4c2f6eaffcd1f62aae7124dcb150c4bbc292eff27272a0060a516b2b945897d72656eb843b1637341eb9747fe2e27d0fa75b91cd9aab8a5ed856716c5b25cfc023dcf10c64f17ea9db73e9be878b26916d5aeb2dc724d65b2b64d94e3508772c472092bcdced9117b73e211becdf643bda5a212fb68521dcb10292a9ccd51e8978efd55e4f2c91a62058632663eee12d92e9e587b756e41bf4148470c70abb3b14b8da2b11efe58c2bd646adadf0f0967279edda504a350877ac2e8777ea5aaff75a9f57b29e6a6095489a1fda5c7e684b394f3425dcb1a612d3e96bbdbe1b7ddeeb7dbe60344941b022ace6fc839b6d071ec4bacd98974b410877ac9b7e67f846bfef66bfef9e3d4835b06c3b1aadfb37d90e6cb2712312e18e2c124ba6db25e207fced03be89609c8260892aad05fb36daf66f2cdbb7c966ca67a94eb8235b39bc53b706fdb7067ced83fee47486826041f979fa7d2d657b37daf6b69471549d70879274d983b78702b707fd9d231caec10f763659f7b494edd950babdd14a35087728552a3d7367c87f6728707738d03b16a2209ab5a5ae645773e9ee0df22a33e4f24424c21d6a114ba63b861f44bcbcfa9d610aa2119b6a8b25d3e5d5d65cca2175c21d2a4ff9ce9160e748403ede1f65e31a75dad660d9d964ddd9542a1fc974c21dda92c9ccdcb307efd927bb46835df6c9a9448a9a285aa1d1b0bdd1b2bdc1baa3d1b2a3d1aad773ec857087e68d4c44ba46276521dfed987478d9db4049eacb0b5beb2db254dfde6069aa64f75d10ee58483836dde308f58c49ca3ff81889b19ccf464526c3d63a4b6b7d897cdc5a5f526ccaa32620dcb1544e7fac772cd4e77cf0ea7586b86a7e7de5e7e9b7d4966c7ef8da5257525b66a22620dcf1bc463dd13e577860f6e50e47e3ace8d782b9c0b0b1ba7863cd83d7e69ae2860a333501e18ed5e20ec424df87dc91c1f1c8f078447e494d565075a9a9b9aaa8a5aa6843759124bbfc929a8070c75a8b25d2c3131179d927a20f3e7aa281085b543e9bd2a2fcc60a7373655163e5838ff23219b97811843bb24938363dea898e7aa746bd518777cae18d3afdacebe7ab2d33d5979bebcb0b1bcacd0df2b1c2cc195110ee501219600edf94d31773faa75cfe982b1073c92781b876069e4ea7ab292da8292bac2935d594996acb0a6b6da67a5ba1fc3ec303843b54652218770763f2713c18f74c3e7c85e4632231adecc7c31af3722b2cc68a92820acb835795b5a0d25a506d35c9479a0ec21d1a158e4dfb42095f38e10f27fd11f998084693814872323a2d9fc89f66c9ff67b129cf6aceb798f34a8bf2e593b262635991b1ac38df566cb4951839ba02c21d58aa4c6626149b0e4f4dcbc7482c15894f47e2a9a9782a9a484d25d2f1642a964ccb4b16fec9e94c2295999e7da533e9cc8cbce4db33337f1be93a5d8e5ea7d3eb75b90f5f79b9fa3cc38397d1a0cfcfd3cbd2db94ffe055906f2834e69a8d86c20243d183575e91c95062ca2b2ecc938fdcd60fc21d00b00ef494000008770000e10e0020dc0100843b0080700700c21d0040b8030008770000e10e0020dc018070070010ee0000c21d0040b8030008770000e10e00843b008070070010ee0000c21d0040b80300e10e0020dc0100843b0080700700ac80ff27c00032fbfb8877116d9d0000000049454e44ae426082, 'I JUST UPDATED MY DESCRIPTION!', ' Chief Floor Manager at Krusty Krab, CEO at Google, CEO at Facebook', ' Dogs, Cats, Hamster, Snakes, Pigs, Elephants ');

-- --------------------------------------------------------

--
-- Table structure for table `transaction`
--

CREATE TABLE `transaction` (
  `transaction_id` smallint(5) NOT NULL,
  `client_id` smallint(5) NOT NULL,
  `payment_status` varchar(10) NOT NULL DEFAULT 'Not Paid',
  `transactions_date` date NOT NULL,
  `transaction_time` time NOT NULL,
  `price` double NOT NULL,
  `service_id` smallint(5) NOT NULL,
  `staff_id` smallint(5) NOT NULL,
  `request_status` varchar(10) NOT NULL DEFAULT 'Pending'
) ENGINE=InnoDB DEFAULT CHARSET=latin1;

--
-- Dumping data for table `transaction`
--

INSERT INTO `transaction` (`transaction_id`, `client_id`, `payment_status`, `transactions_date`, `transaction_time`, `price`, `service_id`, `staff_id`, `request_status`) VALUES
(5002, 3000, 'Not Paid', '2017-05-05', '10:00:00', 100, 4000, 2000, 'Accepted'),
(5003, 3000, 'Not Paid', '2017-05-05', '11:00:00', 50, 4001, 2000, 'Accepted'),
(5004, 3000, 'Not Paid', '2017-05-05', '04:00:00', 200, 4002, 2000, 'Accepted'),
(5005, 3001, 'Not Paid', '2017-05-05', '04:00:00', 300, 4000, 2000, 'Declined'),
(5006, 3000, 'Paid', '2017-05-08', '08:00:00', 200, 4002, 2000, 'Accepted'),
(5007, 3000, 'Not Paid', '2017-05-10', '07:00:00', 300, 4000, 2000, 'Pending');

--
-- Indexes for dumped tables
--

--
-- Indexes for table `admin`
--
ALTER TABLE `admin`
  ADD PRIMARY KEY (`admin_id`);

--
-- Indexes for table `chat`
--
ALTER TABLE `chat`
  ADD PRIMARY KEY (`message_id`),
  ADD UNIQUE KEY `message_id_UNIQUE` (`message_id`);

--
-- Indexes for table `client`
--
ALTER TABLE `client`
  ADD PRIMARY KEY (`client_id`);

--
-- Indexes for table `service`
--
ALTER TABLE `service`
  ADD PRIMARY KEY (`service_id`);

--
-- Indexes for table `service_provider`
--
ALTER TABLE `service_provider`
  ADD PRIMARY KEY (`staff_id`),
  ADD KEY `service_id` (`service_id`),
  ADD KEY `sp_email` (`sp_email`);

--
-- Indexes for table `sp_details`
--
ALTER TABLE `sp_details`
  ADD PRIMARY KEY (`sp_email`),
  ADD KEY `sp_email` (`sp_email`);

--
-- Indexes for table `transaction`
--
ALTER TABLE `transaction`
  ADD PRIMARY KEY (`transaction_id`),
  ADD KEY `client_id` (`client_id`),
  ADD KEY `service_id` (`service_id`),
  ADD KEY `staff_id` (`staff_id`);

--
-- AUTO_INCREMENT for dumped tables
--

--
-- AUTO_INCREMENT for table `admin`
--
ALTER TABLE `admin`
  MODIFY `admin_id` smallint(5) NOT NULL AUTO_INCREMENT, AUTO_INCREMENT=102;
--
-- AUTO_INCREMENT for table `chat`
--
ALTER TABLE `chat`
  MODIFY `message_id` smallint(5) NOT NULL AUTO_INCREMENT, AUTO_INCREMENT=7001;
--
-- AUTO_INCREMENT for table `client`
--
ALTER TABLE `client`
  MODIFY `client_id` smallint(5) NOT NULL AUTO_INCREMENT, AUTO_INCREMENT=3002;
--
-- AUTO_INCREMENT for table `service`
--
ALTER TABLE `service`
  MODIFY `service_id` smallint(5) NOT NULL AUTO_INCREMENT, AUTO_INCREMENT=4003;
--
-- AUTO_INCREMENT for table `service_provider`
--
ALTER TABLE `service_provider`
  MODIFY `staff_id` smallint(5) NOT NULL AUTO_INCREMENT, AUTO_INCREMENT=2002;
--
-- AUTO_INCREMENT for table `transaction`
--
ALTER TABLE `transaction`
  MODIFY `transaction_id` smallint(5) NOT NULL AUTO_INCREMENT, AUTO_INCREMENT=5008;
--
-- Constraints for dumped tables
--

--
-- Constraints for table `sp_details`
--
ALTER TABLE `sp_details`
  ADD CONSTRAINT `sp_email` FOREIGN KEY (`sp_email`) REFERENCES `service_provider` (`sp_email`);

--
-- Constraints for table `transaction`
--
ALTER TABLE `transaction`
  ADD CONSTRAINT `service_id` FOREIGN KEY (`service_id`) REFERENCES `service` (`service_id`),
  ADD CONSTRAINT `staff_id` FOREIGN KEY (`staff_id`) REFERENCES `service_provider` (`staff_id`),
  ADD CONSTRAINT `transaction_ibfk_1` FOREIGN KEY (`client_id`) REFERENCES `client` (`client_id`);

/*!40101 SET CHARACTER_SET_CLIENT=@OLD_CHARACTER_SET_CLIENT */;
/*!40101 SET CHARACTER_SET_RESULTS=@OLD_CHARACTER_SET_RESULTS */;
/*!40101 SET COLLATION_CONNECTION=@OLD_COLLATION_CONNECTION */;
